{"name":"restaurants csv","tags":[],"created":"2018-09-16T13:23:54Z","modified":"2018-09-16T13:56:24Z","creator":"","contributors":"","subject":"","description":"","rowCount":10000,"title":"","homepage":"","image":"","license":"","version":"","customMetadata":{},"importOptionMetadata":[{"guessCellValueTypes":false,"projectTags":[""],"ignoreLines":-1,"processQuotes":true,"fileSource":"restaurants.csv","encoding":"","separator":",","storeBlankCellsAsNulls":true,"storeBlankRows":true,"skipDataLines":0,"includeFileSources":false,"headerLines":1,"limit":-1,"quoteCharacter":"\"","projectName":"restaurants csv"}],"password":"","encoding":"UTF-8","encodingConfidence":0,"preferences":{"entries":{"scripting.starred-expressions":{"class":"com.google.refine.preference.TopList","top":2147483647,"list":[]},"scripting.expressions":{"class":"com.google.refine.preference.TopList","top":100,"list":[]}}}}