383498,Deadpool 2
402900,Ocean's Eight
466282,To All the Boys I've Loved Before
363088,Ant-Man and the Wasp
454983,The Kissing Booth
293660,Deadpool
455980,Tag
462919,Sierra Burgess Is a Loser
283995,Guardians of the Galaxy Vol. 2
354912,Coco
194662,Birdman
269149,Zootopia
177572,Big Hero 6
150540,Inside Out
455207,Crazy Rich Asians
93456,Despicable Me 2
400155,Hotel Transylvania 3: Summer Vacation
291805,Now You See Me 2
487558,BlacKkKlansman
98566,Teenage Mutant Ninja Turtles
458423,Mamma Mia! Here We Go Again
207703,Kingsman: The Secret Service
454619,Overboard
69646,Vaseegara
523873,Kung Fu League
181533,Night at the Museum: Secret of the Tomb
460668,I Feel Pretty
335797,Sing
159824,Hotel Transylvania 2
474335,Uncle Drew
399174,Isle of Dogs
808,Shrek
18785,The Hangover
437557,Blockers
353486,Jumanji: Welcome to the Jungle
537734,The Weekend
339117,Kalpana
214756,Ted 2
420814,Christopher Robin
507562,Crayon Shin-chan: Burst Serving! Kung Fu Boys ~Ramen Rebellion~
270946,Penguins of Madagascar
166426,Pirates of the Caribbean: Dead Men Tell No Tales
449176,"Love, Simon"
455656,#RealityHigh
313369,La La Land
20352,Despicable Me
257445,Goosebumps
257344,Pixels
445571,Game Night
585,"Monsters, Inc."
425,Ice Age
224141,Into the Woods
370567,Sherlock Gnomes
414919,Hart Beat
2062,Ratatouille
254470,Pitch Perfect 2
608,Men in Black II
260514,Cars 3
62177,Brave
41630,No Strings Attached
310,Bruce Almighty
227159,Horrible Bosses 2
418827,Sister's Younger Husband
106646,The Wolf of Wall Street
387592,Early Man
9880,The Princess Diaries
339846,Baywatch
364689,Ferdinand
384677,Set It Up
489929,Destination Wedding
503619,The Package
456929,Champions
62764,Mirror Mirror
454992,The Spy Who Dumped Me
10193,Toy Story 3
506421,J'ai perdu Albert
35,The Simpsons Movie
446894,Smallfoot
452731,The Land of Steady Habits
45243,The Hangover Part II
11631,Mamma Mia!
440161,The Sisters Brothers
13053,Bolt
218746,Young Mother
193893,Let's Be Cops
76492,Hotel Transylvania
463958,Gulebakavali
434355,Taxi 5
350,The Devil Wears Prada
9502,Kung Fu Panda
271718,Trainwreck
809,Shrek 2
19913,(500) Days of Summer
429733,Mayhem
496704,Tremors: A Cold Day in Hell
43074,Ghostbusters
82690,Wreck-It Ralph
11130,The Princess Diaries 2: Royal Engagement
339404,The Layover
390043,The Hitman's Bodyguard
200727,"Love, Rosie"
818,Austin Powers in Goldmember
37735,Easy A
57800,Ice Age: Continental Drift
82693,Silver Linings Playbook
82702,How to Train Your Dragon 2
14160,Up
223702,Sausage Party
195589,Neighbors
8355,Ice Age: Dawn of the Dinosaurs
10555,Shark Tale
118,Charlie and the Chocolate Factory
4327,Charlie's Angels
256961,Paul Blart: Mall Cop 2
77338,The Intouchables
127380,Finding Dory
340022,Gringo
502682,Book Club
228967,The Interview
920,Cars
2976,Hairspray
196867,Annie
463053,Ibiza
4247,Scary Movie
391713,Lady Bird
400579,Tully
225886,Sex Tape
22970,The Cabin in the Woods
399796,Life of the Party
399170,Logan Lucky
122906,About Time
324852,Despicable Me 3
120467,The Grand Budapest Hotel
209244,Are You Here
71552,American Reunion
511785,Alex Strangelove
18240,The Proposal
462883,Woody Woodpecker
72105,Ted
487702,F*&% the Prom
37834,Knight and Day
10735,What a Girl Wants
268531,Captain Underpants: The First Epic Movie
8363,Superbad
2770,American Pie 2
238713,Spy
6477,Alvin and the Chipmunks
7443,Chicken Run
38055,Megamind
13374,Ice Princess
301337,Downsizing
9023,Spirit: Stallion of the Cimarron
4638,Hot Fuzz
4256,Scary Movie 3
950,Ice Age: The Meltdown
454283,Action Point
138832,We're the Millers
49519,The Croods
381341,Perfect Strangers
425980,Brad's Status
353616,Pitch Perfect 3
9522,Wedding Crashers
518452,Like Father
290762,Miss You Already
59436,Midnight in Paris
9928,Robots
7512,Idiocracy
502422,Thunder Road
114150,Pitch Perfect
375107,Duck Duck Goose
100042,Dumb and Dumber To
490214,Iceman 2
18360,Night at the Museum: Battle of the Smithsonian
507143,Candy Jar
211672,Minions
10527,Madagascar: Escape 2 Africa
4258,Scary Movie 5
9472,DodgeBall: A True Underdog Story
634,Bridget Jones's Diary
88751,Journey to the Center of the Earth
337170,American Made
433310,When We First Met
1593,Night at the Museum
278154,Ice Age: Collision Course
109439,The Hangover Part III
480736,25 km/h
347392,Slice
787,Mr. & Mrs. Smith
140300,Kung Fu Panda 3
417830,Diary of a Wimpy Kid: The Long Haul
107985,The World's End
342473,Ballerina
412988,The Happytime Murders
39513,Paul
136799,Trolls
11024,Scooby-Doo 2: Monsters Unleashed
382591,Two Is a Family
50544,Friends with Benefits
9352,EuroTrip
376660,The Edge of Seventeen
82654,Warm Bodies
431530,A Bad Moms Christmas
1493,Miss Congeniality
9982,Chicken Little
253235,And So It Goes
116149,Paddington
436931,Pokémon the Movie: I Choose You!
64688,21 Jump Street
50022,Super Troopers 2
454699,Happy Family
11688,The Emperor's New Groove
8920,Garfield
187017,22 Jump Street
116745,The Secret Life of Walter Mitty
9339,Click
171274,Inherent Vice
27022,The Sorcerer's Apprentice
44896,Rango
49524,R.I.P.D.
267193,Grimsby
41154,Men in Black 3
138697,Don Jon
49013,Cars 2
371638,The Disaster Artist
38319,Your Highness
1597,Meet the Parents
22705,Cheeky
10661,You Don't Mess with the Zohan
9471,Charlie's Angels: Full Throttle
1584,School of Rock
51540,Horrible Bosses
50646,"Crazy, Stupid, Love."
210860,Mortdecai
19908,Zombieland
252838,The Wedding Ringer
8961,Bad Boys II
112160,Sexual Chronicles of a French Family
318846,The Big Short
58233,Johnny English Reborn
8699,Anchorman: The Legend of Ron Burgundy
452030,Cinderella's Hot Night
465109,The Week Of
6957,The 40 Year Old Virgin
378236,The Emoji Movie
10501,The Road to El Dorado
55721,Bridesmaids
540884,The Incredible Monk
38365,Grown Ups
10591,The Girl Next Door
11887,High School Musical 3: Senior Year
364433,They Call Me Jeeg
10201,Yes Man
325133,Neighbors 2: Sorority Rising
424781,Sorry to Bother You
8273,American Wedding
134375,Home Alone: The Holiday Heist
65057,The Descendants
22538,Scott Pilgrim vs. the World
262391,Serial (Bad) Weddings
22620,Scooby-Doo! The Mystery Begins
412547,Killing Gunther
9870,Forgetting Sarah Marshall
264999,Magic Mike XXL
10192,Shrek Forever After
546052,Gila Lu Ndro!
452773,Tad the Lost Explorer and the Secret of King Midas
257211,The Intern
7453,The Hitchhiker's Guide to the Galaxy
515841,I Am Not an Easy Man
452187,Le Brio
22794,Cloudy with a Chance of Meatballs
46195,Rio
26715,Bitch Slap
544769,Les Déguns
43593,Piranha 3D
747,Shaun of the Dead
137106,The Lego Movie
416186,Godard Mon Amour
506407,Social Animals
413644,The Son of Bigfoot
503314,Dragon Ball Super: Broly
87567,The Big Wedding
6557,27 Dresses
487063,Ruben Søltoft: Ting fra min mund
810,Shrek the Third
11397,Not Another Teen Movie
6038,Shanghai Knights
508,Love Actually
7446,Tropic Thunder
346648,Paddington 2
1824,50 First Dates
290250,The Nice Guys
16996,17 Again
13971,Wild Child
399725,Ideal Home
86838,Seven Psychopaths
347201,Boruto: Naruto the Movie
188222,Entourage
9726,A Good Year
18947,The Boat That Rocked
